song,artist
Be Like That,3 Doors Down
Someone Like You,Adele
This Is What It Feels Like,Armin van Buuren
All You Need Is Love,Avicii - Ezon remix
Girlfriend,Avril Lavigne
Complicated,Avril Lavigne
Four Chord Songs,Axis of Awesome
What's My Age Again,Blink 182
Living On A Prayer,Bon Jovi
Born to make you happy,Britney Spears
Grenade,Bruno Mars
Call Me Maybe,Carly Rae Jepsen
So Small,Carrie Underwood
Every Time We Touch,Cascada
Awesome,Charles Jenkins
Parachute,Cheryl Cole
Jar Of Hearts,Christina Perri
Time After Time,Cyndi Lauper
Breakfast At Tiffany's,Deep Blue Something
Heart Attack,Demi Lovato
Stereo Love,Edward Maya
Escape,Enrique Iglesias
Dimelo,Enrique Iglesias
Always,Erasure
Bring Me To Life,Evanescence
My Songs Know What You Did In The Dark,Fall Out Boy
Whistle,Flo Rida
21 Guns,Green Day
When I Come Around,Green Day
Holiday,Green Day
Boulevard of Broken Dreams,Green Day
I'm Yours,Jason Mraz
The Internet Is For Porn,Jeff Marx and Robert Lopez
Illumielle,Jo Blankenburg
Already Gone,Kelly Clarkson
The Edge Of Glory,Lady Gaga
Paparazzi,Lady Gaga
Alejandro,Lady Gaga
Transcendence,Lindsey Stirling
Castle Of Glass,Linkin Park
Numb,Linkin Park
She Will Be Loved,Maroon 5
Real World,Matchbox 20
Ai Se Eu Te Pego,Michel Telo
2012 'If The World Would End',Mike Candys
The Cave,Mumford and Sons
Please Play This Song On The Radio,NOFX
Little Talks,Of Monsters And Men
Wagon Wheel,Old Crow Medicine Show
Live While We're Young,One Direction
Say,One Republic
Let Her Go,Passenger
Take A Walk,Passion Pit
U and Ur Hand,Pink
Mizuiro Girlfriend,Plastic Tree
Snow -Hey Oh-,Red Hot Chili Peppers
Otherside,Red Hot Chili Peppers
Love The Way You Lie Part 2,Rihanna
Living in Stereo,RIO
Seasons,Rome
Listen To Your Heart,Roxette
Waka Waka,Shakira
Wasted Time,Skid Row
The Bannered Mare,Skyrim OST
Run,Snow Patrol
Confusion and Frustration in Modern Times,Sum 41
Walking Disaster,Sum 41
Stay Stay Stay,Taylor Swift
I Knew You Were Trouble,Taylor Swift
Eyes Open,Taylor Swift
Life,The Avett Brothers
Just What I Needed,The Cars
Jack Sparrow,The Lonely Island
Sub Focus,Tidal Wave
Pair of Dice,Tiesto and Allure
It's Your Love,Tim McGraw
Where The Green Grass Grows,Tim McGraw
Africa,Toto
Hey Soul Sister,Train
River flows in you,Yiruma
Say Something,A Great Big World
Lieder,Adel Tawil
Amazing,Alex Lloyd
I Love College,Asher Roth
Hey Brother,Avicii
The One,Backstreet Boys
All I Ever Wanted,Basshunter
Don't Think Twice It's Alright,Bob Dylan
To The Stars,Braken
You Drive Me Crazy,Britney Spears
Tears of The Dragon,Bruce Dickinson
Jessica's Theme,Bruce Rowland
Glycerine,Bush
Love Actually,Cady Groves
Awesome,Charles Jenkins
Our God,Chris Tomlin
Silver Scrapes,Danny McCarthy
He's Able,Deitrick Haddon
Save Tonight,Eagle Eye Cherry
May It Be,Enya
Get Your Shine On,Florida Georgia Line
My My My,GG feat Gary Wright and Baby Brown
Europa,Globus
Hampster Dance,Hampton the Hampster
Bullet,Hollywood Undead
Let It Go,Idina Menzel
Demons,Imagine Dragons
Hide And Seek,Imogen Heap
Beautiful Girl,INXS
No more lies,Iron Maiden
Blood Brothers,Iron Maiden
The Wicker Man,Iron Maiden
Somewhere Over the Rainbow,Israel Kamakawiwoole
Stamp on the Ground,ItaloBrothers
Replay,Iyaz
Bold as love,Jimi Hendrix
One of Us,Joan Osborne
Take Me Home - Country Roads,John Denver
Waiting on the World to Change,John Mayer
You Raise Me Up,Josh Groban
Unconditionally,Katy Perry
Behind These Hazel Eyes,Kelly Clarkson
Heartbeat,Klaas
He's a Pirate,Klaus Badelt
Punga,Klingande
Crash My Party,Luke Bryan
Master of the wind,Manowar
Eggs -Furries In A Blender RMX-,Mayhem
Everybody,Mike Candys
Wrecking Ball,Miley Cyrus
Push Play,Miriam Bryant
Storm Spirits,MistFolk
Torn,Natalie Imbruglia
ICE CREAM TRUCK,Neighborhood Annoyance
Just A Dream,Nelly
Nice Guys,nigahiga
A World Without Danger,Noam Kaniel
Dragostea Din Tei,O Zone
Electricity,Orchestral Manoeuvres in the Dark
Nothing In This World,Paris Hilton
Hey Mario,Patent Pending
Self Destruct,Pegboard Nerds
Razor Sharp,Pegboard Nerds and Tristam
Intensive Care Unit,Renard
Still loving you,Scorpions
That Don't Impress Me Much,Shania Twain
Higher Love,Steve Winwood
Your Love is a Song,Switchfoot
Wedding Dress,Taeyang
From Prying Plans into the Fire,Tamas Wells
Ciudad Magica,Tan Bionica
Love Story,Taylor Swift
You're Gonna Go Far Kid,The Offspring
Satisfied in You,the Sing Team
4ever,The Veronicas
Everything I'm Not,The Veronicas
We Own The Night,The Wanted
Ai -'ation-,UNiTE
Don't Trust Me,3OH3
Say Something,A Great Big World
Girl's Not Grey,AFI
Get Back ASAP,Alexandra Stan
No One,Alicia Keys
Phoenix,All Levels at Once
Willst Du,Alligatoah
Narben,Alligatoah
Forever Young,Alphaville
Painful Like,Austra
Father Told Me,Avicii
The Nights FIFA 15 Soundtrack,Avicii
The Days,Avicii
What Would You Do,Bastille
Where Is The Love,Black Eyed Peas
American Girl,Bonnie Mckee
Whiskey Lullaby,Brad Paisley and Alison Krauss
I Need Your Love,Calvin Harris
Witch Doctor,Cartoons
That's Falling in Love,Chelsea Ward
Limbo,Daddy Yankee
PEWDIEPIE Song,Dj Fortify
Cool Kids,Echosmith
Bailando Espanol,Enrique ft Descemer Bueno Gente De Zona
A Boy and a Girl,Eric Whitacre
Young Volcanoes,Fall Out Boy
Big Girls Don't Cry,Fergie
Whistle,Flo RIda
Cruise,Florida Georgia Line
Stacy's Mum,Fountains Of Wayne
Smoke Rings in the Dark,Gary Allan
X-Kid,Green Day
Boulevard of Broken Dreams,Green Day
Metal Gear,Harry Gregson-Williams
What About Love,Heart
Blueshift Galaxy,HertzDevil
Bridge of Khazad-dum,Howard Shore
Give This Song A Title,Jacksfilms
All of Me,John Legend
Half of My Heart,John Mayer
Find Yourself,John O'Callaghan ft Sarah Howells
Seasons of Love,Jonathan Larson
Breaking The Law,Judas Priest
Que Sera,Justice Crew
Runaway,Kanye West
Breakaway,Kelly Clarkson
Smooooch---Akiba-Kobo-Remix-,Kors-K--DJ-Command
Old Money,Lana Del Rey
What You Need,Les Friction
Sooner Or Later,Mat Kearney
Dreaming in Stereo - Under The Moon,Michael Walthius
Moonlight Shadow feat Maggie Reilly,Mike Oldfield
The Doctor's Theme Series 4,Murray Gold
Sadness and Sorrow,Naruto
Elements,Neo Cortex
Elements 2004,Neo Cortex
Last Of the Wilds,Nightwish
The Poet and the Pendulum,Nightwish
Ghost River,Nightwish
Dear Darlin,Olly Murs
Stop And Stare,One Republic
Crazy Train,Ozzy Osbourne
Meat Free Monday,Paul McCartney
Under The Bridge,Red Hot Chili Peppers
How To Make A Number One Song Without Talent,Roomie
Undo,Sanna Nielsen
San Francisco,Scott McKenzie
Whenever Wherever,Shakira
Bad Blood,Taylor Swift
Big Sky,Technikal and Nathalie
Dirty Little Secret,The All-American Rejects
Oh Darling,The Beatles
Wherever You Will Go,The Calling
At The Indie Disco,The Divine Comedy
The Spirit of Jazz,The Gaslight Anthem
The Navesink Banks,The Gaslight Anthem
Have Mercy,The Gaslight Anthem
Self Esteem,The Offspring
Hall of Fame,The Script
Red Lights,Tiesto
Flying Butterfly,YB
Clarity Vicetone Remix,Zedd-ft-Foxes
Hello,Adele
Right Here Right Now,Agnes
Ghost World,Aimee Mann
Poison,Alice Cooper
Vacation,Alphabeat
Beginning of time,Arthur
Broken Arrows,Avicii
Cowgirl,Bambee
The Captain,Biffy Clyro
Hit Da Blokk,Big Dope P
Give Me One Good Reason,Blink 182
Love To The Stars - Azora Remix,Breeze vs UFO and Lost Witness
Heart And Soul,Built By Titan
I Need Your Love,Calvin Harris
Caramelldansen,Caramell
I Really Like You,Carly Rae Jepsen
Good Girl,Carrie Underwood
Fix You,Coldplay
Party Join Us,Crayon Shin Chan
World Falls Apart - Thomas Gold Remix,Dash Berlin
Sea Of Love -Remix-,Daze
Save Tonight,Eagle Eye Cherry
What If,Emilie Autumn
Code Lyoko Theme,Franck Keller and Ygal Ama
Song 6,George Ezra
Sugaree,Grateful Dead
The Stable Song,Gregory Alan Isakov
Metal Gear,Harry Gregson-Williams
Fuse,Hudson Mohawke
I Will Never Be Your Friend,Irish Stew of Sindidun
Down,Jay Sean
Bold As Love,Jimi Hendrix
Sunshine,John Murphy
Hey Defriender,Jonathan Mann
Battlefield,Jordin Sparks
Going Through The Motions,Joss Whedon
Hot N Cold,Katy Perry
Heartbeat Song,Kelly Clarkson
Are You With Me,Lost Frequencies
Technicolor,Madeon
The Power Of Goodbye,Madonna
Au Revoir,Mark Forster feat Sido
She Will Be Loved,Maroon 5
Don't Look Down feat Usher,Martin Garrix
Wicked Wonderland,Martin Tungevaag
Land Down Under,Men At Work
It's a Beautiful Day,Michael Buble
Dragon,Miriam Bryant
Born,MitiS
Vulnerability,MitiS
The Imperial City,Motoi Sakuraba
Just A Dream,Nelly
Nobody Compares,One Direction
Night Changes,One Direction
Heart Attack,One Direction
When Can I See You Again,Owl City
Hey Mario,Patent Pending
Ner Style,Pegboard Nerds
Frenemies,Phineas and Ferb
Jessie's Girl,Rick Springfield
A Walk In The Shire,Rob Abernethy
Gone Gone Gone,Robert Plant and Alison Krauss
Sun Goes Down,Robin Schulz ft Jasmine Thompson
Uncharted,Sara Bareilles
Alive,Sia
Elastic Heart,Sia
I Know You - Fifty Shades Of Grey,Skylar Grey
Tirer des caisses,Soldat Louis
Sparks,Steerner ft Corey Saxon
The Cheat is Not Dead,Strong Bad
No Reason,Sum 41
Mean,Taylor Swift
Hey Boy,Teddybears
Beelzeboss,Tenacious D
Greek,Test 1
If I Die Young,The Band Perry
I Should Have Known Better,The Beatles
The Hero,The Electric Warehouse
45,The Gaslight Anthem
Rollin' And Tumblin',The Gaslight Anthem
Crush,The Horrible Crowes
Who's Gonna Save Us,The Living End
So Sad To Say,The Mighty Mighty Bosstones
A Jackknife to a Swan,The Mighty Mighty Bosstones
Fairytale of New York,The Pogues and Kirsty MacColl
Plastic Pop,Tomas Danko
toto africa,toto
Far Away,Tristam and Braken
Hymne,Vangelis
No One Else,Weezer
My Name Is Jonas,Weezer
Divine Sorrow,Wyclef Jean
Take Me Away,4 Strings
Hello,Adele
Faded,Alan Walker
Lass Liegen,Alligatoah
Melancholy Soldier,Antonim
DotA,Basshunter
Blue Moon,Beck
Dammit,Blink 182
Bored To Death,Blink 182
She's Out Of Her Mind,Blink-182
Going Away To College,Blink-182
Not the Sun,Brand New
The Archers Bows Have Broken,Brand New
Your Type,Carly Rae Jepsen
I Really Like You,Carly Rae Jepsen
I JUST MET YOU,carly ray
Streaming Heart,DECO 27
The One,Deuce
My Heart,Different Heaven
Nekozilla,Different Heaven
Be Right There,Diplo and Sleepy Tom
Get Your Shine On,Florida Georgia Line
Hey Julie,Fountains of Wayne
Code Lyoko Theme,Franck Keller and Ygal Ama
Top Of The World,Greek Fire
Islandsljod,Icelandic Folk
Sleep When We're Dead,ItaloBrothers
Cry Love,John Hiatt
Love Yourself,Justin Bieber
Wooden Doll,Kenshi Yonezu
Heavy Metal Lover,Lady Gaga
Second Time Around,Lady Gaga
Dance In The Dark,Lady Gaga
Angel Eyes,Love and Theft
Tuesday's Gone,Lynyrd Skynyrd
It's My Life,marny kennedy
Revolt,Muse
Dead Inside,Muse
HYPER DRIVE,nanobii
Law-Evading Rock,Neru
El Perdon,Nicky Jam and Enrique Iglesias
Amaranth,Nightwish
Wish I Had An Angel,Nightwish
Ever Dream,Nightwish
GBA Sky Garden - Mario Kart DS,Nintendo
Spiderwebs,No Doubt
Hula Hoop,OMI
Casanova,Palm Trees
No Cock Like Horse Cock,Pepper Coyote
Sweet Donuts,Perfume
Try,Pink
Forgettable,Project 46
Fight Song,Rachel Platten
Be My Escape,Relient K
Richard Marx - Right Here Waiting,Richard Marx
Right Here Waiting,Richard Marx
Knightlife,Riggi and Piros
Call Your Girlfriend,Robyn
Stars Come Out,Runaground and Disco Fries
Black Rock Shooter,ryo
Love Is On The Way,Saigon Kick
Side-Crawler's Dance,Shinichi Sakamoto
Break Your Heart,Taio Cruz
Bad Blood,Taylor Swift
MEMEME Final Part,Teddyloid
Don't Let Me Down Ft Daya,The Chainsmokers
Human,The Killers
So Lonely,The Police
To Know Him Is To Love Him,The Teddy Bears
Windfall,TheFatRat
Stronger Monsters,Toby Fox
Aenima,Tool
Splatfest Battle - Ink Me Up,Toru Minegishi
Doctor Doctor,UFO
Poor Places,Wilco
Unsteady,X Ambassadors
Cryin',Aerosmith
Sakuranbo,Ai Ootsuka
Love Live - Silent tonight,BiBi
Holding Out For A Hero,Bonnie Tyler
Help me ERINNNNNN,Cool and Create
Awaken,Dethklok
Rockaria,Electric Light Orchestria
Spectrum,Florence and the Machine
Basketcase,Green Day
The Fighter,Gym Class Heroes And Ryan Tedder
The Angels Among Demons,Instrumental Core
This is Nightlife,ItaloBrothers
Canon in D Major,Johann Pachelbel
Firework,Katy Perry
Trouble is a Friend,Lenka
La Lune ft Dan Smith,Madeon
New Age,Marlon Roudette
Aggressive Alpine Skiing,Mausland Band
Shiawase High Tension,Minami-ke Tadaima OP
Super Smash Bros Melee - Onett,Nintendo
It's Raining Tacos,Parry Gripp
Nice To Meet You Mr Earthling,PinocchioP
Under The Bridge,Red Hot Chili Peppers
Emerald Sword,Rhapsody of Fire
Ecuador,Sash
Melody Circus,Savant
Scatman's World,Scatman John
A Day Like This,Spongebob Squarepants
Irresistiblement,Sylvie Vartan
Genjitsu to Iu Na no Kaibutsu to Tatakau MonoTachi,Takahashi Yu
Night Drive,The All-American Rejects
Bad News and Bad Breaks,The Mighty Mighty Bosstones
Doublespeak,Thrice
Deep-Sea Girl,Yuuyu
Rolling In The Deep,Adele
My Soul Your Beats,Angel Beats
Danny's Song,Anne Murray
Liar Liar,Avicii
Jupiter,Ayaka Hirahara
Kicked Your Monkey,Bad Lip Reading
Somebody Loves You,Betty Who
All Along The Watchtower,Bob Dylan
American Girl,Bonnie Mckee
Downstream,Braid Soundtrack
My Heart Will Go On,Celine Dion
Khe Sanh,Cold Chisel
Escape from the City,Crush 40
Girls Just Want To Have Fun,Cyndi Lauper
Man on the Run,Dash Berlin
Titanium feat Sia,David Guetta
Raise Your Weapon - Madeon Remix,Deadmau5
Sultans of Swing,Dire Straits
Goodbye Earl,Dixie Chicks
Planet,DJ Genki feat yukacco
Heaven,Dj Sammy
Thor's Hammer,Dobu Usagi
Anywhere Is,Enya
The Essence of Silence,Epica
Whoa Oh Me vs Everyone,Forever The Sickest Kids
Fight Area,Game Freak
Somebody That Used To Know,Gotye
Somebody That I Used To Know,Gotye
2000 Light Years Away,Green Day
November Rain,Guns N' Roses
Jupiter from The Planets,Gustav Holst
Don't stop being crazy,Helloween
Extends Levant,HertzDevil
Mobile Suit Gundam Unicorn - UNICORN,Hiroyuki Sawano
Look What You've Done,Jet
All Along The Watchtower,Jimi Hendrix
Heartbeat,JJAMZ
Afro Blue,John Coltrane
All My Life,K-Ci and Jojo
Catch My Breath,Kelly Clarkson
Rage Valley,Knife Party
Do What U Want,Lady Gaga
Aura,Lady Gaga
Diet Mtn Dew,Lana Del Rey
Come Back to Me,Les Friction
Sheezus,Lily Allen
Master Of Tides,Lindsey Stirling
Buzzcut Season,Lorde
The Show Goes On,Lupe Fiasco
Girl Gone Wild,Madonna
Smooth Criminal,Michael Jackson
Beat It,Michael Jackson
Afro Blue,Mongo Santamaria
In The Air - Mord Fustang Remix,Morgan Page vs Sultan and Ned Shepard vs BT
The Majestic Tale,Murray Gold
Slow Down,Myla Smith
Turn Me On,Nicki Minaj
Legacy - Vicetone Remix,Nicky Romero and Krewella
Final Fantasy VI Boss Battle Theme,Nobuo Uematsu
Leave It Alone,NOFX
It's Gonna Be Me,Nsync
Don't Go Away,Oasis
Don't Look Back In Anger,Oasis
Live While We're Young,One Direction
La Guitarra,Orjan Nilsen
Let Her Go,Passenger
Hall om mig,Petter - Daniel Adams-Ray
Hotel Room Service,Pitbull
Rhythm Of Love,Plain White T's
Hey There Delilah,Plain White T's
1 2 3 4,Plain White T's
I Want To Break Free,Queen
Muffin Knight Theme,Rob Yale and Jesse Holt
Somebody's Watching Me,Rockwell
Gold Skies,Sander van Doorn Martin Garrix DVBBS
Other Side Of Love,Sean Paul
Summit,Skrillex
Scary Monsters And Nice Sprites,Skrillex
Come Sail Away,Styx
Luka,Suzanne Vega
Lichen and Bees,Tamas Wells
22,Taylor Swift
Come Together,The Beatles
Billionaire,Travie McCoy ft Bruno Mars
Just Communication,Two-Mix
Rhythm Emotion,Two-Mix
Radical Dreamers,Yasunori Mitsuda
Hartmann's Youkai Girl,ZUN
The Capital City of Flowers in the Sky,ZUN
Mystical Oriental Dream - Ancient Temple,ZUN
Radio,Alkaline Trio
Help Me,Alkaline Trio
The Man,Aloe Blacc
Melancholy Soldier,Antonim
Chaldea,Aryx
For A Better Day - KSHMR Remix,Avicii
The Ex,Billy Talent
Hyperballad,Bjork
Night Moves,Bob Seger
Peace of Mind,Boston
Map Music,Boulder Dash
Street Fighter Alpha - Charlie's Theme,Capcom
Before He Cheats,Carrie Underwood
Overtime,Cash Cash
Close To You - Re-Con Remix,Clear Vu
Mega Man Infamous Intent -Barbarian Plain,Deathro
Allusion World,Dung Truong
Rejoice,Dustin Kensrue
Pjanoo,Eric Prydz
America's Suitehearts,Fall Out Boy
Only My Railgun,fripSide
The City Is Mine,Garmiani and Salvatore Ganacci
Somebody That I Used To Know,Gotye
Celestial Elixir,Haken
Epilogue Crysis 2 Soundtrack,Hans Zimmer
Wreck-It Ralph,Henry Jackman
Megalomachia - Way of the wind,Hiroto Saito
Chartreuse Rewind,Homestuck
Cocktails,Hot Leg
Muse Breaks,Infected Mushroom
Flashdance What A Feeling,Irene Cara
Code Monkey,Jonathan Coulton
Carry On My Wayward Son,Kansas
Go KK Rider,Kazumi Totaka
Petroleum,Kent
Turn Me On,Kevin Lyttle
Sovereign,Kevin MacLeod
Mega Man The Wily Wars - Wily Tower 4,Kinuyo Yamashita
Ys VI - Release of the Far West Ocean,Konami
Live for the Night,Krewella
Marry the Night,Lady Gaga
Eh Eh,Lady Gaga
Paparazzi Acoustic,Lady Gaga
Home,Madeon
California Dreamin',Mamas and the Papas
Fade To Black,Metallica
Treasured Soul,Michael Calfan
Life,MitiS
The Link,Motooi Sakuraba
Something's Wrong,myuu
Crystal Geode Jam,Nathan Ford
Deck of War - Title,Nathan Ford
Fearless Challenger,NIGORO
Final Fantasy V - Battle,Nobuo Uematsu
It's Raining Tacos,Parry Gripp
Here Comes The Flood,Peter Gabriel
In The Air Tonight,Phil Collins
Super Robot Wars - So Close Yet so Far,Quintet
Yuki Satellites,Radix
She's Not the End of the World,Reel Big Fish
Fairy Dang-Sing - Gekka ni Yousei wa Mau,Riko Hirai - Reina Kaihara
Shapes I See,Rodriguez Jr
Subdivisions,Rush
Final Fantasy Legend III - The Talon,Ryuji Sasai
Trust,Salia
Sledgehammer,Savant
Sonic and Knuckles - Flying Battery Zone,Sega
Monochrome Kiss,Sid
Vain,Singularity
Tell It To My Heart,Taylor Dayne
Mean,Taylor Swift
Style,Taylor Swift
Octopus's Garden,The Beatles
Burning For No One,The Cribs
Don't Look Back Into The Sun,The Libertines
Gimme Shelter,The Rolling Stones
For A Fool,The Shins
Come Over,Tim and Eric
Live Like You Were Dying,Tim McGraw
Undertale - Undertale,Toby Fox
Life is a Highway,Tom Cochrane
Waking Dreams ft Laura Brehm,TwoThirds
Jag kommer,Veronica Maggio
I'm Still Here,Vertical Horizon
Stars,Vicetone
Shut Up and Dance,Walk The Moon
Iron,Within Temptation
Chrono Trigger - Frog's Theme,Yasunori Mitsuda
Megalomachia - Ultraviolet,Yousuke Yasui
Child of Are,ZUN
Last Occultism - Esotericist of the Present World,ZUN
Eternal Shrine Maiden,ZUN
Plastic Mind,ZUN
A World of Nightmares Never Seen Before,ZUN
Rock Club,Anamanaguchi
Heaven Piercing Giga Drill,Area 11
Virgo,Au5
More Than Ever,Breathe Carolina
Nobody Wins,Brian Fallon
Word Up,Cameo
Making The Most Of The Night,Carly Rae Jepsen
Connect,ClariS
Over You,Daughtry
Golden Chords,Deakin
Gold Slugs,DJ Khaled
Come Undone,Duran Duran
Daniel,Elton John
Inis Mona,Eluveitie
Sleep,Eric Whitacre
Everywhere,Fleetwood Mac
Mountain At My Gates,Foals
No Time for Caution - Interstellar,Hans Zimmer
Islandsljod,Icelandic Folk
Wasn't Expecting That,Jamie Lawson
Stardust,Jay Hardway
June and Johnny,Jon Foreman
Kaleidoscope,Kasbo
When Darkness Falls,Killswitch Engage
Staying,Koda
Rosalina In The Observatory,Koji Kondo
Tal Tal Heights,Link's Awakening
Django Unchained Theme,Luis Bacalov
Innocence ft Aquillo,Madeon
Annie,Neon Indian
Fighting For My Love,Nil Lara
Punch Out - Fight,Nintendo
GBA Sky Garden - Mario Kart DS,Nintendo
Pallet Town,Pokemon Blue and Red
Stand By You,Rachel Platten
Be My Escape,Relient K
S and M,Rihanna
Deranged and Desperate,Saves The Day
Awakening Wolf's Instinct,Senpi
Criminal,Smiley feat Kaan
Jenn Je T'aime,Superbus
Read My Mind,The Killers
New York City Cops,The Strokes
Sky-Filling Departed Spirit - Lightning Word,Wan Wan
A World of Nightmares Never Seen Before,ZUN
Midnight Spell Card,ZUN
Theme of Eastern Story,ZUN
Faraway Voyage of 380 000 Kilometers,ZUN
Cemetery of Onbashira - Grave of Being,ZUN
Dreamy Pilot,ZUN
I Saw The Sign,Ace Of Base
Girl On Fire,Alicia Keys
Trauerfeier Lied,Alligatoah
Akira,Anamanaguchi
Humoresque Op 101 No 7,Antonin Dvorak
Complicated,Avril Lavigne
Big Bang Theory Theme Song,Bare Naked Ladies
If I Had A Million Dollars,Barenaked Ladies
Who Put the Bomp,Barry Mann
Stand By Me,Ben E King
Love's Made a Fool of You,Bobby Fuller Four
Total Eclipse of the Heart,Bonnie Tyler
She's Everything,Brad Paisley
Time Well Wasted,Brad Paisley
Downstream,Braid Soundtrack
The Quiet Things That No One Ever Knows,Brand New
Lucky,Britney Spears
Ooh La La,Britney Spears
Pretty Melody,Butch Walker
Boom Clap,Charli XCX
Baba Yetu,Christopher Tin
Escape from the City,Crush 40
Corridor Of Death,Damjan Mravunac
Let's Dance,David Bowie
Teenager in Love,Dion and the Belmonts
Deck'd,Dom Fera
I Only Want To Be With You,Dusty Springfield
Crocodile Rock,Elton John
Hero,Enrique Iglesias
May It Be,Enya
I'm Like A Lawyer,Fall Out Boy
Aspertia City,Game Freak
King Of Wishful Thinking,Go West
Minority,Green Day
If I knew,Helloween
Heart And Soul,Hoagy Carmichael
The Reason,Hoobastank
Give This Song A Title,Jacksfilms
Secret,Jay Chou
Hallelujah,Jeff Buckley
Closer,Joe Inoue
Baby,Justin Bieber
Renai Circulation--Bakemonogatari OP4,Kana Hanazawa-Satoru Kousaki-meg rock
Lambada,Kaoma
Do Me Good,Keith Moon
Ouka Ranman,KEYTALK
Hallelujah,Leonard Cohen
Anderson Cooper's Secret,LilDeuceDeuce
I'm A Raver,Lipstick
Piano Sonata No 8 ''Pathetique'' - 3rd Movement,Ludwig Van Beethoven
Rude,MAGIC
Walking in Memphis,Marc Cohn
All I Want For Christmas Is You,Mariah Carey
Unwell,Matchbox 20
Terrible Things,Mayday Parade
Leave It All To Me,Miranda Cosgrove
Slow Down,Myla Smith
In the Aeroplane Over the Sea,Neutral Milk Hotel
Nice Guys,nigahiga
Yoshi's Island - Flower Garden,Nintendo
Final Fantasy - Prelude,Nobuo Uematsu
Love is Blue,Paul Mauriat
Chocolate Disco,Perfume
The Thin Ice,Pink Floyd
Bust Your Knee Caps,Pomplamoose
Folding Chairs,Regina Spektor
Poor Little Fool,Ricky Nelson
Unchained Melody,Righteous Brothers
Wonderful World,Sam Cooke
Beautiful Girls,Sean Kingston
Those Magic Changes - Grease,Sha Na Na
Sparks,Steerner ft Corey Saxon
Starlight,Taylor Swift
Can't Stop Singing,Teen Beach Movie
Eternal Flame,The Bangles
I Should Have Known Better,The Beatles
Linda Linda,The Blue Hearts
Every Breath You Take,The Police
I Can't Explain,The Who
Doctor Worm,They Might Be Giants
Experimental Film,They Might Be Giants
For River - Piano - Johnny's Version,To The Moon
Courtesy of the Red White and Blue,Toby Keith
Left Swipe Dat,Truth
Brown Eyed Girl,Van Morrison
I Will Always Love You,Whitney Houston
Cemetery of Onbashira - Grave of Being,ZUN
Hello,Adele
Head Over Feet,Alanis Morissette
Charissa,AM Taxi
Mandy,Barry Manilow
I Am A Building,Black20 Studios
She's Out Of Her Mind,Blink-182
Liquor and Whores,Bubbles and the Shitrockers
This Is What You Came For ft Rihanna,Calvin Harris
Le Festin,Camille
Don't Dream It's Over,Crowded House
Sit Still Look Pretty,Daya
Out Of The Blue,Debbie Gibson
Body Say,Demi Lovato
Delicate Oooz,Emax
Hey Julie,Fountains of Wayne
Top Of The World,Greek Fire
Shoplifter,Green Day
PrimeTime ft Miguel,Janelle Monae
Steven And The Crystal Gems,Jeff Liu
Lost,Katy Perry
My Life Would Suck Without You,Kelly Clarkson
Wooden Doll,Kenshi Yonezu
Rainbow Chicken Dance,MooseHeadMoosic
Calendar Girl,Neil Sedaka
Spiderwebs,No Doubt
Playing God,Paramore
Senpai Sucked My Ass,PewDiePie
Si Bheag Si Mhor,Planxty
Welcome Home,Radical Face
Remix 10,Rhythm Heaven Fever
Arizona,Scorpions
Let It Happen,Tame Impala
The Best Day,Taylor Swift
Blank Space,Taylor Swift
Surfer Girl,The Beach Boys
I've Just Seen A Face,The Beatles
No Need To Argue,The Cranberries
Caravan,Van Morrison
Falling For You,Weezer
Senbonzakura,WhiteFlame
Whataya Want from Me,Adam Lambert
Tanner Boyle vs the 7th Grade,AM Taxi
Santa Tell Me,Ariana Grande
One Last Time,Ariana Grande
Something New,Axwell and Ingrosso
Just Can't Get Enough,Black Eyed Peas
More Than A Feeling,Boston
Peace of Mind,Boston
1985,Bowling For Soup
Summer of 69,Bryan Adams
Show Me What I'm Looking For,Carolina Liar
That's the Way It Is,Celine Dion
Oath,Cher Lloyd feat Becky G
Made Alive,Citizens
Anna Begins,Counting Crows
Youth,Daughter
Home,Daughtry
Skyscraper,Demi Lovato
Stone Cold,Demi Lovato
Rejoice,Dustin Kensrue
Lost And Found,Ellie Goulding
Bad Girls Club,Falling In Reverse
She Drives Me Crazy,Fine Young Cannibals
Club Can't Handle Me,Flo Rida
Dirt,Florida Georgia Line
I Want To Know What Love Is,Foreigner
Ugly Heart,GRL
Don't stop being crazy,Helloween
Concerning Hobbits,Howard Shore
I Bet My Life,Imagine Dragons
Girls Chase Boys,Ingrid Michaelson
Where Are U Now feat Justin Bieber,Jack U
Trumpets,Jason Derulo
Silence,Jay Chou
Say,John Mayer
Walt Grace's Submarine Test,John Mayer
Hey Defriender,Jonathan Mann
Canciones de Amor,Julieta Venegas
Croc The Adventure Begins,Justin Scharvona
World Cup Theme,K'naan
Wavin' Flag,K'naan
Breakaway,Kelly Clarkson
Petroleum,Kent
Die Young,Kesha
Shatter Me,Lindsey Stirling ft Lzzy Hale
Bossman,Lucky Boys Confusion
Midnight City,M83
Octavia,Marcus Werner
Sooner Or Later,Mat Kearney
Unwell,Matchbox 20
On the Nature of Daylight,Max Richter
astral blast,nanobii
That's How You Know,Nico and Vinz
Dadsong,Old Spice
What Makes You Beautiful,One Direction
Good Life,One Republic
That Green Gentleman,Panic At The Disco
Lost For Words,Pink Floyd
Fidelity,Regina Spektor
Forgiven,Relient K
FourFiveSeconds,Rihanna And Kanye West And Paul McCartney
Junebug,Robert Francis
Call Your Girlfriend,Robyn
Brave,Sara Bareilles
Livin' On The Run,Scott Grimes
Other Side Of Love,Sean Paul
Stitches,Shawn Mendes
Alive,Sia
Dynamite,Taio Cruz
Stay Stay Stay,Taylor Swift
Dirty Little Secret,The All-American Rejects
Mr Brightside,The Killers
Ho Hey,The Lumineers
Stubborn Love,The Lumineers
New Slang,The Shins
Live Like You Were Dying,Tim McGraw
Martha,Tom Waits
House Of Gold,Twenty One Pilots
Where The Streets Have No Name,U2
Shut Up and Dance,Walk The Moon
No Sleep,Wiz Khalifa
Carrot For A Cock,Yogscast
Break Free feat - Ariana Grande,Zedd
Hadouken,Zeds Dead
Even If She Falls,Blink-182
Top Of The World,Greek Fire
Follow Me,Hardwell
Sweatshirt,Jacob Sartorius
Longing for Lullabies ft Titiyo,Kleerup
Rosalina In The Observatory,Koji Kondo
Love Like Ghosts,Lord Huron
Meet Me In The Woods,Lord Huron
True Colors,Marina and the Diamonds
Pumpin Blood,NONONO
Stitches,Shawn Mendes
Strong Enough,Sheryl Crow
Alone - Au5 and Fractal remix,Singularity
Summertime,The Mowgli's
Headache,Tiny Moving Parts
I Love You,Woodkid
How You Love Me,3LAU
Take On Me,A-ha
So Long,ABBA
Counting Song,Adam Buxton
Music of the Night,Andrew Lloyd Webber
Russian Unicorn,Bad Lip Reading
Somebody Loves You,Betty Who
Lonely Is the Night,Billy Squier
All The Small Things,Blink 182
Hooked On A Feeling,Blue Swede
Jessica's Theme,Bruce Rowland
Grenade,Bruno Mars
Everything I Do,Bryan Adams
Acceptable in the 80's,Calvin Harris
Keasbey Nights,Catch 22
My Heart Will Go On,Celine Dion
Silent Hope,Chance Thomas
El Poeta,Chino y Nacho
With You,Chris Brown
Sea Of Love -Remix-,Daze
Yee,Dinosaurs
I'll Make A Man Out Of You,Disney
Do Ya,Electric Light Orchestra
Go Down In History,Four Year Strong
The Anthem,Good Charlotte
21 Guns,Green Day
American Idiot,Green Day
Minority,Green Day
Don't Save Me,Haim
I Know,Hank Green
It All Makes Sense at the End,Hank Green
MMMBop,Hanson
Windmill,Helloween
Wreck-It Ralph,Henry Jackman
I Will Never Be Your Friend,Irish Stew of Sindidun
Your Body Is A Wonderland,John Mayer
Still Alive,Johnathan Coulton and Ellen McLain
Re Your Brains,Jonathan Coulton
Waking Up In Vegas,Katy Perry
Eh Eh,Lady Gaga
You Are A Pirate,Lazy Town
Cooking By The Book,LazyTown
Tangerine,Led Zeppelin
Stairway to Heaven,Led Zeppelin
History Of A Boring Town,Less Than Jake
Don't Let's Talk About Lisa,Lonestar
Mozart,Mat Zo and Arty
3am,Matchbox 20
Leave It With Me,MIKE and Andrew Bennett
The Silvery Snowland,Motoi Sakuraba
King of Carrot Flowers,Neutral Milk Hotel
Warriors,Nicky Romero Vs Volt and State
Squid Kid,Nintendo
Liverty,Oyuugi Wagamama Dan x PaRADEiS
Always,Panama
Nom Nom Nom Nom Nom Nom Nom,Parry Gripp
Sheep,Pink Floyd
Sea of Voices,Porter Robiinson
Under Pressure,Queen
Catch of the Day,Rhythm Heaven Fever
Latitude End - Andre Sobota Remix,Rich Curtis
When You Say Nothing At All,Ronan Keating
Bonnie and Clyde,Serge Gainsbourg and Brigitte Bardot
The First Cut Is The Deepest,Sheryl Crow
As I Lay Me Down,Sophie B Hawkins
Before The Dive,St Lucia
Luigi's Ballad,Starbomb
Sparks,Steerner ft Corey Saxon
Baby C'mon,Stephen Malkmus
Luka,Suzanne Vega
Dare You To Move,Switchfoot
Style,Taylor Swift
Everything Is Awesome,Tegan and Sara
There She Goes,The La's
The Package Store Petition,The Mighty Mighty Bosstones
The Horse Shoe and the Rabbit's Foot,The Mighty Mighty Bosstones
Dead Leaves And The Dirty Ground,The White Stripes
You Don't Know What Love Is,The White Stripes
Nightgown of the Sullen Moon,They Might Be Giants
Should've Been A Cowboy,Toby Keith
2 4 6 8 Motorway,Tom Robinson Band
Crimson and Clover,Tommy James and The Shondells
Give me one reason,Tracy Chapman
Hey Soul Sister,Train
Frame of Mind,Tristam and Braken
A-Punk,Vampire Weekend
Way Too Much,Wavves
Stop Forwarding That Crap To Me,Weird Al Yankovic
Real American,WWE
Fairy Tail - Main Theme,Yasuharu Takanashi
Stardust Witch Meruru - Meteo Impact,Yukari Tamura
Tolong Jangan Nangis Bayi,ArmanArX
Heaven is a Place on Earth,Belinda Carlisle
The Archers Bows Have Broken,Brand New
Wild World,Cat Stevens
Even If It Breaks Your Heart,Eli Young Band
Phantom Hourglass OST- The Great Sea,Hidemaro Fujibayashi
Rosette,Le Vent du Nord
Brain Power,Noma
Heavy Things,Phish
Be My Escape,Relient K
Say You Do,Sigala
Give Me Your Love,Sigala
2 Become 1,Spice Girls
Mama,Spice Girls
Gotta Have You,The Weepies
Hey Mickey,Toni Basil
Waterloo,ABBA
I Don't Want To Miss A Thing,Aerosmith
Rebellion,Arcade Fire
Trojans,Atlas Genius
All for Leyna,Billy Joel
Bjornes Magasin,Bjorne
I Can't Make You Love Me,Bonnie Raitt
Dancing in the Dark,Bruce Springsteen
When I Was Your Man,Bruno Mars
Everything I Do,Bryan Adams
Rest Of Me,Callaway and Rosta
Organ Symphony No 3 Op 78 - If I Had Words,Camille Saint-Saens
Circle Of Life,Carmen Twillie
Here And Now,Cash Cash
Human Contact,Catey Shaw
Hard To Say Im Sorry,Chicago
A Thousand Years,Christina Perri
Khe Sanh,Cold Chisel
Look Back,Denzal Park feat Eyelar
Dimension-Reversing Dualities,DIAD
Hakuna Matata,Disney
I Can Go The Distance,Disney - Hercules
Part of Your World,Disney Jodi Benson
Your Song,Elton John
I Can't Help Falling In Love,Elvis Presley
100 Years,Five For Fighting
All Right Now,Free
We Are Young,Fun
Darling,Girl's Day
The Rock Theme,Hans Zimmer
Stick to the Status Quo,High School Musical
Bridge of Khazad-dum,Howard Shore
Concerning Hobbits,Howard Shore
Hyadain no Kakakata Kataomoi-C,Hyadain
Brazilian Flower,Jean Jacques Perrey
IBM 1401 Processing Unit,Johann Johannson
Re Your Brains,Jonathan Coulton
O Holy Night,Josh Groban
Faithfully,Journey
Battle Hymm of the Republic,Julia Howe
Morning Music,Konami
Ghosts,Lars Allertz
Fuck You,Lily Allen
Piano Sonata No 8 ''Pathetique'' - 1st Movement,Ludwig Van Beethoven
Symphony No 9 in D minor - 4th Movement,Ludwig Van Beethoven
Like A Prayer,Madonna
Strike Witches - Sweet Duet,Mai Kadowaki - Erika Nakai
Rainbow Road,Mario Kart 64
Dreaming in Stereo - Under The Moon,Michael Walthius
Easy Love,MSTRKRFT
These Words,Natasha Bedingfield
Moving In The Dark,Neon Trees
Rasen'nawatashi--My Spiral,NiR-Gerda
Dragostea Din Tei,O Zone
All Or Nothing,O-Town
Let Her Go,Passenger
New,Paul McCartney
The Final Cut,Pink Floyd
NiR-Gerda,Rasen'nawatashi--My Spiral
One For All All For One,Razihel and Virtual Riot
Roll With The Changes,REO Speedwagon
ERC Song,Ryan
Around My Heart,Sandra
Bridge over Troubled Water,Simon and Garfunkel
Rent I Pay,Spoon
Gentle Annie,Stephen C Foster
Tonight,Stereotronique and Sebastian Ivarsson
It's a Sunshine Day,Steve McCarthy
World 2,Super Mario 3D World
Good Vibrations,The Beach Boys
Mother Nature's Son,The Beatles
December 1963 - Oh What a Night,The Four Seasons
We Intertwined,The Hush Sound
Make Your Own Kind of Music,The Mamas and The Papas
500 Miles,The Proclaimers
Cabin Down Below,The Royal Concept
The Nanosong,The Sounds of Science
Untouched,The Veronicas
Tinker Tailor,Thomas Feijk
Happy Birthday,Traditional
Till It's Over,Tristam
Tesla,Unitopia
A-Punk,Vampire Weekend
His Cheeseburger,Veggie Tales
Follow You Down,Zedd
Find You,Zedd
Beloved Tomboyish Girl,ZUN
Heartfelt Fancy,ZUN
Girl's Divinity - Pandora's Box,ZUN
Paradise - Deep Mountain,ZUN
Hiroari Shoots a Strange Bird - Till When,ZUN
Ichizu Na Omoi,ASSUMED SOUNDS
Joyful Joyful We Adore Thee,Beethoven
I'm A Cuckoo,Belle and Sebastian
Give Me One Good Reason,Blink 182
You're The Inspiration,Chicago
Recess Theme,Denis M Hannigan
Without You,Dillon Francis and TEED
Sirius,Eir Aoi
Midlife Crisis,Faith No More
Atlas,Feint
Little Lies,Fleetwood Mac
Love Yourself,Justin Bieber
K3 Loves You,K3
You Came,Kim Wilde
Super Mario Bros 2 Ending,Koji Kondo
Born This Way,Lady Gaga
Fuer Elise,Ludwig van Beethoven
Dawn - Hardwell Edit,Michael Brun
Mozart Clarinet Concerto K622 Andante,Mozart
Love Live S2 - Yume no Tobira,Mu's
Resistance,Muse
Exogenesis,Muse
Rosalina In The Observatory,Nintendo
Outset Island,Nintendo
1901,Phoenix
Lost For Words,Pink Floyd
Young Turks,Rod Stewart
Edelweiss,Rodgers and Hammerstein
Feel The Love,Rudimental
Into The Light,Sander van Doorn and Dubvision and Mako
Ecuador,Sash
Lava Reef Zone,Sega
Whatever You Want,Status Quo
The Only Thing,Sufjan Stevens
All Of Me Wants All Of You,Sufjan Stevens
John My Beloved,Sufjan Stevens
Eugene,Sufjan Stevens
Fourth of July,Sufjan Stevens
Sylvia,The Antlers
Only Yesterday,The Carpenters
Linger,The Cranberries
Jump For My Love,The Pointer Sisters
Tumbling Dice,The Rolling Stones
William It Was Really Nothing,The Smiths
Untouchable,Tritonal x Cash Cash
Suicide Commando - Hellraiser,VNV Nation Remix
Wait For The Moment,Vulfpeck
Baby Blue,We Were Evergreen
Der Holle Rache kocht in meinem Herzen,Wolfgang Amadeus Mozart
K387 String Quartet No14 In G Major,Wolfgang Amadeus Mozart
Mamma Mia,ABBA
This Is What It Feels Like,Armin van Buuren
Drowning,Armin van Buuren featuring Laura V - Avicii Remix
All You Need Is Love,Avicii - Ezon remix
When You're Gone,Avril Lavigne
Jupiter,Ayaka Hirahara
Sonata No 8 - Pathetique - 2nd Movement,Beethoven
Bjornes Magasin,Bjorne
First Date,Blink 182
No Woman No Cry,Bob Marley
More Than A Feeling,Boston
Circus,Britney Spears
Out From Under,Britney Spears
A Thousand Years,Christina Perri
Realize,Colbie Caillat
Silver Scrapes,Danny McCarthy
Titanium feat Sia,David Guetta
I Will Follow You Into the Dark,Death Cab for Cutie
Can You Feel The Love Tonight,Disney
I Can Feel,Ela Rose ft David Deejay
Say Yes,Elliott Smith
Can You Feel the Love Tonight,Elton John
Love The Way You Lie,Eminem ft Rihanna
Tears in Heaven,Eric Clapton
Fields of Gold,Eva Cassidy
Accidently Kelly Street,Frente
Meet The New Google Maps Commercial,Google
21 Guns,Green Day
Viva La Gloria,Green Day
Tong Hua,Guang Liang
Concerning Hobbits,Howard Shore
The passenger,Iggy Pop
Breakdown,Jack Johnson
You're Beautiful,James Blunt
Flaming Moe's,Jeff Martin
Beautiful Soul,Jesse McCartney
Working Class Man,Jimmy Barnes
You Raise Me Up,Josh Groban
All My Life,K-Ci and Jojo
Dust In The Wind,Kansas
Bend and Break,Keane vs Basto
Stronger,Kelly Clarkson
The Show Goes On,Lupe Fiasco
Free Bird,Lynyrd Skynrd
Never gonna leave this bed,Maroon 5
Animals,Martin Garrix
Superman,Mat Zo
Push,Matchbox 20
Kids,MGMT
Songbirds,Oasis
Wonderwall,Oasis
Live While We're Young,One Direction
Too Late To Apologize,One Republic
Home,Phillip Phillips
Just Give Me A Reason,Pink
Just Give Me A Reason,Pink and FUN
Bohemian Rhapsody,Queen
Motion Picture Soundtrack,Radiohead
The Call,Regina Spektor
Laughing With,Regina Spektor
Killing Me Softly,Roberta Flack
ERC Song,Ryan
Bottle It Up,Sara Bareilles
Who Says,Selena Gomez
What You Are,Sheena Easton
Nothing Compares 2U,Sinead O'Connor
Wasted Time,Skid Row
Santeria,Sublime
Valder Fields,Tamas Wells
Dumb Ways to Die,Tangerine Kitty
Eyes Open,Taylor Swift
Every Time I Think Of You,The Babys
Yesterday,The Beatles
Zombie,The Cranberries
Boombox,The Lonely Island
Beast of Burden,The Rolling Stones
Satisfied in You,the Sing Team
Disco Inferno,The Trammps
Telluride,Tim McGraw
Blessed,Tom Hangs 'Avicii' - Shermanology
Billionaire,Travie McCoy ft Bruno Mars
El Dorado,Two Steps From Hell
Come Back To Me,Utada Hikaru
The Dachstein Angels,Wally Badarou
The Moon,Yoshihiro Sakaguchi
Prelude,4Frame
Amnesia,5 Seconds Of Summer
Take On Me,A-ha
Bart Peeters,Allemaal Door Jou
The Man,Aloe Blacc
Watch Over You,Alter Bridge
Pulsar,Armin Van Buuren
Reckless,Australian Crawl
Blinded In Chains,Avenged Sevenfold
Hey Brother,Avicii
Allemaal Door Jou,Bart Peeters
Love Live - Natsu Owaranai De,BiBi
God and Satan,Biffy Clyro
Mountains,Biffy Clyro
I Miss You,Blink 182
At The Bottom,Brand New
Mega Man X - Flame Mammoth,Capcom
Hyde Park,Carnaby Street Pop Orchestra And Choir
Rolling Can,Chef Boyardee
Opposite of Adults,Chiddy Bang
Courtesy,Chipzel
A Thousand Years,Christina Perri
Karma Chameleon,Culture Club
Titanium feat Sia,David Guetta
Just One Last Time,David Guetta Ft Taped Rai
Deck'd,Dom Fera
Cool Kids,Echosmith
Tears In Heaven,Eric Clapton
Only My Railgun,fripSide
Slateport City,Game Freak
Arrival of the Queen of Sheba,George Frederic Handel
Don't Forget Me,Girl's Day
The Sweet Escape,Gwen Stefani
Fancy,Iggy Azalea
I Want You Back,Jackson 5
Moon Theme - Remastered Version,Jake Kaufman
Laputa Castle in the Sky Main Theme,Joe Hisaishi
Closer,Joe Inoue
The Star-Spangled Banner,John Stafford Smith
Re Your Brains,Jonathan Coulton
DANCE,Justice
I'm In Love,Kastenholt and Dee
Duett,Kent
Do You Want To Build A Snowman,Kristen Bell
Speechless,Lady Gaga
Oath Sign,LiSA
Why Can't I,Liz Phair
Free Bird,Lynyrd Skynyrd
Rude,MAGIC
Let Your Hair Down,MAGIC
Yuusha Raideen,Masato Shimon
Dear Future Husband,Meghan Trainor
Tonight,New Kids on the Block
Bed Of Lies,Nicki Minaj feat Skylar Grey
The Poet and the Pendulum,Nightwish
Super Smash Bros Melee - Pollyanna,Nintendo
Super Mario 3D World- Main Theme,Nintendo
Earthbound Zero - Pollyanna,Nintendo
Super Mario Galaxy - Gusty Garden Galaxy,Nintendo
Final Fantasy VI - Dancing Mad Part 3,Nobuo Uematsu
Needing - Getting,OK Go
Theme of Madril,Okage Shadow King
When Can I See You Again,Owl City
Pingfan zhi lu,Piao Shu
1 2 3 4,Plain White T's
She's Not the End of the World,Reel Big Fish
Sun goes down,Robin Schulz
Hiiragi Town School Days - Muv-Luv Extra OST,Shinobu Kajihisa
Tonight Tonight,Smashing Pumpkins
Up There,South Park
Ageless Beauty,Stars
Lichen and Bees,Tamas Wells
From Prying Plans into the Fire,Tamas Wells
Calleth You Cometh I,The Ark
The Weight,The Band
Flowers In Your Hair,The Lumineers
Rainbow Connection,The Muppets
Fall Hook N Sling Remix,The Presets
Cabin Down Below,The Royal Concept
Hey Beautiful,The Solids
Care Of Cell 44,The Zombies
Just Communication,Two-Mix
When There Was Me and You - High School Musical,Vanessa Hudgens
Hymne,Vangelis
Shut Up and Dance,Walk The Moon
My Name Is Jonas,Weezer
No One Else,Weezer
Ringtone,Weird Al Yankovic
This Is Love,WILL I AM
Long Distance Runaround,Yes
Cut It Out,4minute
Heavy Rotation,AKB48
How Can I Believe,Anderson Hall
The Singularity Song,Animation Domination High-Def
asdfas,asf
Now You're Gone,Basshunter
Lost Cause,Beck
Wonderful Life,Black
Asthenia,Blink-182
I Am A Nightmare,Brand New
Good To Know If I Ever Needed Attention,Brand New
Have You Ever Seen the Rain,Creedence Clearwater Revival
Reflection,Disney
Going Under,Evanescence
Flames Of Love,Fancy
Secret Heart,Feist
Helena Beat,Foster The People
Don't Pull Your Love,Hamilton Joe Frank and Reynolds
Jerusalem,Hubert Parry
Shadows,Hudson Mohawke
Carolina In My Mind,James Taylor
Flashlight,Jessie J
Ayano's Theory of Happiness,Jin
Have A Little Faith,John Hiatt
June and Johnny,Jon Foreman
Umi no Koe,Kenta Kiritani
Super Mario Bros 2 Ending,Koji Kondo
Til It Happens To You,Lady Gaga
Rosette,Le Vent du Nord
Love Live - Futari Happiness,lily white
Chilly Waters Theme,Mario Party 3
Frequency Flyer,Mat Zo
I Took A Pill In Ibiza - SeeB Remix,Mike Posner
Deck of War - Title,Nathan Ford
Fighting For My Love,Nil Lara
Tetris Attack - Water Stage,Nintendo
GBA Sky Garden - Mario Kart DS,Nintendo
That Green Gentleman,Panic At The Disco
Stand By You,Rachel Platten
Let Down,Radiohead
Stars Come Out,Runaground and Disco Fries
She,Saves The Day
Woe,Say Anything
Treat You Better,Shawn Mendes
Cheap Thrills,Sia
Move Your Body,Sia
The Less I Know the Better,Tame Impala
Let It Happen,Tame Impala
Greek,Test 1
Only Yesterday,The Carpenters
Christmas Time - Don't Let The Bells End,The Darkness
The Punch Line,The Mighty Mighty Bosstones
Reunited,Toby Fox
Nobody Love,Tori Kelly
What Do You Mean It's 1985,Tronicbox
Rapikamu,Twinklestars
M79,Vampire Weekend
I Saw Red,Warrant
Falling For You,Weezer
My Name Is Jonas,Weezer
All The Man That I Need,Whitney Houston
Onigashima in Fairy Land - Missing Power,ZUN
Still Hurting,Anna Kendrick
Two Million,Avicii
Words,Bent Van Looy
Mandolin Rain,Bruce Hornsby and the Range
The Wizard And I,Carole Shelley and Idina Menzel
Khe Sanh,Cold Chisel
Can You Feel the Love Tonight,Elton John
Adventures of the Gummi Bears,Gummi Bears
Want You Gone,Jonathan Coulton and Ellen McLain
Wooden Doll,Kenshi Yonezu
Ray Of Light,Madonna
Rainbow Road,Mario Kart 64
To Be With You,Mr Big
Smile Smile Smile,My Little Pony
Winter Wrap Up,My Little Pony
The Night Is Still Young,Nicki Minaj
Windfall Island,Nintendo
Locke Theme,Nobuo Uematsu
Russian Dance 'Trepak',Pyotr Ilyich Tchaikovsky
Don't Stop Me Now,Queen
Sonic 1 - Special Stage,Sega
A Plea En Vendredi,Tamas Wells
Blackbird,The Beatles
Take It To The Limit,The Eagles
December 1963 - Oh What a Night,The Four Seasons
Auto-Tune The News 5,The Gregory Brothers
Make Your Own Kind of Music,The Mamas and The Papas
No One Knows My Plan,They Might Be Giants
Duel With the Devil,Transatlantic
La Valse D'Amelie,Yann Tiersen
Find You,Zedd
Someone Like You,Adele
When We Were Young,Adele
Danny's Song,Anne Murray
Anohana - I Left You Last,Anohana
Pegasus,Arias
Boston,Augustana
Hey Brother,Avicii
The Awareness,Ayreon
Something,Beatles
When I Was Your Man,Bruno Mars
The Silmarillia,Carlos
Have You Ever Seen the Rain,Creedence Clearwater Revival
Song from Pi,David Macdonald
Thank You,Dido
I Can Go The Distance,Disney - Hercules
The Sons of Katie Elder Theme,Elmer Bernstein
Macross 7 - Try Again,Fire Bomber
Route 209,Game Freak
Tong Hua,Guang Liang
Jack Sparrow,Hans Zimmer
Nothing Left to Say,Imagine Dragons
Flightless Bird American Mouth,Iron and Wine
Valentine's Day is a Lie,Jacksfilms
Bonfire Heart,James Blunt
Tower of Mistakes,Jeff Liu
Look What You've Done,Jet
Anywhere For You,John Martin
How To Train Your Dragon - Test Drive,John Powell
Olympic Fanfare and Theme,John Williams
Somewhere In My Memory - Home Alone Theme,John Williams
Step Out,Jose Gonzales
Mr Kaizers hans Constanze og meg,Kaizers Orchestra
Jubel,Klingande
For the First Time in Forever,Kristen Bell and Idina Menzel
Dadima,KSHMR
On My Own,Les Miserables
Guren no Yumiya,Linked Horizon
The Departure,Michael Nyman
UchotenJinsei-UchotenKazouku-OP,milktub
Colors,Morandi
United States Of Eurasia,Muse
Revolt,Muse
Welcome To The Black Parade,My Chemical Romance
Le Sud,Nino Ferrer
Chilly Waters,Nintendo
Secrets,One Republic
Million Voices,Otto Knows
Only Love Can Hurt Like This,Paloma Faith
That Green Gentleman,Panic At The Disco
Cara Mia,Portal 2 Soundtrack
A Whiter Shade of Pale,Procol Harum
Super Robot Wars - So Close Yet so Far,Quintet
Georgia,Ray Charles
Tripping,Robbie Williams
I'm Not Cool,Scott Krippayne
The Boxer,Simon and Garfunkel
Come Sail Away,Styx
The Best Day,Taylor Swift
Magical Girls,The Aprils
A Day in the Life,The Beatles
Red Lights,Tiesto
We All Need Some Light,Transatlantic
San Francisco,Vanessa Carlton
You Shook Me All Night Long,ACDC
Turning Tables,Adele
High School Never Ends,Bowling For Soup
Fix You,Coldplay
Skyscraper,Demi Lovato
Burn,Ellie Goulding
Tiny Dancer,Elton John
Fanta Time,Fanta Idol
Shark Attack,Grouplove
Ridin' Solo,Jason Derulo
Coast of Carolina,Jimmy Buffett
The Heart of Life,John Mayer
Mr Kaizers hans Constanze og meg,Kaizers Orchestra
Ka Nohona Pili Kai,Keali'i Reichel
Reflections,MisterWives
Great Big Storm,Nate Ruess
Let Me Love You,Ne-Yo
In This Twilight,Nine Inch Nails
Super Smash Bros Melee - Corneria,Nintendo
All Or Nothing,O-Town
Just Give Me A Reason,Pink and FUN
Fresh Static Snow,Porter Robinson
Shelter,Porter Robinson and Madeon
Somebody To Love,Queen
Black Star,Radiohead
Movements,Rend Collective
Auld Lang Syne,Robert Burns
Headlights,Robin Schulz
Hiding ft The Nicholas,San Holo
I am,Sick Individuals - Axwell
Tonight Tonight,Smashing Pumpkins
Firefly Theme - Ballad Of Serenity,Sonny Rhodes
The Cigarette Song,South Park
Ageless Beauty,Stars
Why Do You Love Me,Steerner and Dszako
Fine Don't Follow A Tiny Boat,Tamas Wells
Pizza Power,Teenage Mutant Ninja Turtles
At Least It Was Here,The 88
Gold On The Ceiling,The Black Keys
The Time Warp,The Rocky Horror Show
Hopeless Bleak Despair,They Might Be Giants
Museum Of Idiots,They Might Be Giants
Stuck in a Moment You Can't Get Out Of,U2
A Thousand Miles,Vanessa Carlton
The Day Before You Came,ABBA
Soviet National Anthem,Alexander Alexandrov
Jupiter,Ayaka Hirahara
Resentment,Beyonce
All American Girl,Carrie Underwood
Bad Day,Daniel Powter
True North,Devin Townsend
Thinking Out Loud,Ed Sheeran
Mr Blue Sky,Electric Light Orchestra
The Sons of Katie Elder Theme,Elmer Bernstein
Tiny Dancer,Elton John
Rock And Roll,Eric Hutchinson
Mag Mell Cuckool Mix 2007 - Clannad OP,Eufonius
Fields of Gold,Eva Cassidy
Breathe,Faith Hill
Landslide,Fleetwood Mac
Congregation,Foo Fighters
I Want to Know What Love Is,Foreigner
All Alone,Fun
Vs Colress,Game Freak
Slateport City,Game Freak
Arrival of the Queen of Sheba,George Frederic Handel
Let's Go,Girl's Day
Meet The New Google Maps Commercial,Google
Jack Sparrow,Hans Zimmer
Big Rock Candy Mountain,Harry McClintock
Path Of The Wind - Totoro,Joe Hisaishi
Closer,Joe Inoue
Super Mario 64 - Dire Dire Docks,Koji Kondo
Super Mario Bros 3 - Overworld,Koji Kondo
Mario 64 - File Select,Koji Kondo
Tangerine,Led Zeppelin
Crash My Party,Luke Bryan
Same Love,Macklemore
Let Your Hair Down,MAGIC
Frequency Flyer,Mat Zo
Shiawase High Tension,Minami-ke Tadaima OP
Acha Cha Kare,Mini Pati
Acha Cha Karee,Mini Pati
Hirari Kirakira Yami Yami Museum,Mini Pati
Ocean Breathes Salty,Modest Mouse
Romeo and Juliet,Nino Rota
Rosalina In The Observatory,Nintendo
Super Mario Galaxy - Gusty Garden Galaxy,Nintendo
Super Mario Land - Muda Kingdom,Nintendo
Safe and Sound,Nitro Fun
Final Fantasy IV Battle Theme,Nobuo Uematsu
In Time,Peacetreaty Singularity Remix
Just Give Me A Reason,Pink
Just Give Me A Reason,Pink and FUN
Karma Police,Radiohead
The Good Left Undone,Rise Against
Every Man Has A Molly,Say Anything
The Cigarette Song,South Park
Death With Dignity,Sufjan Stevens
Dirty Little Secret,The All-American Rejects
Sylvia,The Antlers
Here Today,The Beach Boys
God Only Knows,The Beach Boys
I'm Looking Through You,The Beatles
Let It Be,The Beatles
Midday Star,Togakushi Touko
Right Now,Van Halen
No One Else,Weezer
Ringtone,Weird Al Yankovic
Mega Man 6 - Tomahawk Man Stage,Yuko Takehara
Spring Lane - Colorful Path,ZUN
Akutagawa Ryuunosuke's Kappa - Candid Friend,ZUN
Reincarnation,ZUN
Goodbye Song,Bear in the Big Blue House
Uptown Girl,Billy Joel
Oops I Did It Again,Britney Spears
Parachute,Cheryl Cole
I'll Make A Man Out Of You,Disney
Hakuna Matata,Disney
Leaving Without,dj-Jo
BWV 1080 Art of the Fugue - Contrapunctus I,Johann Sebastian Bach
Code Monkey,Jonathan Coulton
Shop Vac,Jonathan Coulton
Mr Kaizers hans Constanze og meg,Kaizers Orchestra
Country,Keith Jarrett
Hyperdimension Neptunia V - Elegy,Kenji Kaneko
Ys VI - Release of the Far West Ocean,Konami
The Wings of a Boy Who Killed Adolescence,Kow Otani
The Show,Lenka
Homestuck - Showtime,Malcolm Brown
Castlevania SotN - Wood Carving Partita,Michiru Yamane
A Place To Relax - Duke Fabre House,Motoi Sakuraba
Batman GB - Title,Naoki Kodaka
Troian Beauty - FFIV,Nobuo Uematsu
I Won't Let You Down,OK Go
You're My Best Friend,Queen
Grotesque,RAM and Alex Morph
Happyman 1,Ratboy Genius
One For All All For One,Razihel and Virtual Riot
Human of the Year,Regina Spektor
ERC Song,Ryan
Double Rainbow Remix,Schmoyoho
JUST DO IT ft Shia LaBeouf,Schmoyoho
Theme Of Prontera,SoundTeMP
Up There,South Park
With Me,Sum 41
Video Killed The Radio Star,The Buggles
Read My Mind,The Killers
Sorry Jack,The Living Tombstone
The Package Store Petition,The Mighty Mighty Bosstones
Not Perfect,Tim Minchin
We Wish You a Merry Christmas,Traditional
Bruises,Train
A Demon's Fate,Within Temptation
Beloved Tomboyish Girl,ZUN
Flowering Night,ZUN
Fall of Fall - Autumnal Waterfall,ZUN
Extend Ash - Hourai Victim,ZUN
Big In Japan,Alphaville
Mardy Bum,Arctic Monkeys
What About Love,Austin Mahone
Wake Me Up,Avicii
The Lord Of The Rings,Blind Guardian
Gravity Falls Title Theme,Brad Breek
First Day of My Life,Bright Eyes
Oops I Did It Again,Britney Spears
Locked Out Of Heaven,Bruno Mars
The Lazy Song,Bruno Mars
That's Falling in Love,Chelsea Ward
Take Flight,Craig Austin
Moonage Daydream,David Bowie
Lady Stardust,David Bowie
I Will Follow You Into the Dark,Death Cab for Cutie
Miss Misery,Elliott Smith
Cliffs of Dover,Eric Johnson
Hemorrhage - In My Hands,Fuel
Smile,Galantis
Aspertia City,Game Freak
Lake of tears,Gamma ray
L'Amour Toujours,Gigi D'Agostino
Brand New Kind of Blue,Gold Motel
Spiral Mountain,Grant Kirkhope
Stray Heart,Green Day
Holiday,Green Day
Boulevard of Broken Dreams,Green Day
Extends Levant,HertzDevil
Pieces,Icon for Hire
Derniere Danse,Indila
You and I,Ingrid Michaelson
Getter Robo,Isao Sasaki
Hunger Games Theme - Horn Of Plenty,James Newton Howard
Violet Stars Happy Hunting,Janelle Monae
Star Trek Ilia's Theme,Jerry Goldsmith
Illumielle,Jo Blankenburg
Imagine,John Lennon
Shop Vac,Jonathan Coulton
You Raise Me Up,Josh Groban
Million Dollar Man,Lana Del Rey
Transcendence,Lindsey Stirling
Mirror Haus,Lindsey Stirling
Master Of Tides,Lindsey Stirling
Experience,Ludovico Einaudi
Master of the wind,Manowar
All I Want For Christmas Is You,Mariah Carey
Yuusha Raideen,Masato Shimon
Nothing Else Matters,Metallica
Wrecking Ball,Miley Cyrus
Stolen Dance,Milky Chance
Mitch Benn's Imagine,Mitch Benn
New Born,Muse
Everybody Talks,Neon Trees
Two-Headed Boy,Neutral Milk Hotel
Lithium,Nirvana
Leave It Alone,NOFX
The Painter,O-Town
Sittin' On The Dock of the Bay,Otis Redding
Self Destruct,Pegboard Nerds
Creep,Radiohead
Steven Universe Opening,Rebecca Sugar
Drop Dead Gorgeous,Republica
Supreme,Robbie Williams
The Alcoholic,Royksopp
Trust,Salia
Mother Earth,Savant
La Tortura ft Alejandro Sanz,Shakira
Wasted Time,Skid Row
She Says What She Means,Sloan
Drop It Like It's Hot ft Pharrell Williams,Snoop Dogg
Shape Of My Heart,Sting
Santeria,Sublime
Ciudad Magica,Tan Bionica
Take It To The Limit,The Eagles
Don't You Want Me,The Human League
Five Nights at Freddy's,The Living Tombstone
Hopeless Bleak Despair,They Might Be Giants
If We Ever Meet Again,Timbaland ft Katy Perry
Korobeiniki--Tetris Main Theme,Traditional
Invincible,Two Steps From Hell
We'll Meet Again,Vera Lynn
Why Can't We Be Friends,War
Since You've Been Gone,Weird Al Yankovic
Fire Power,Wolfgang Gartner
Actraiser - Fillmore,Yuzo Koshiro
Break Free feat - Ariana Grande,Zedd
Lucid,AandG
Skyfall,Adele
Danny's Song,Anne Murray
Jupiter,Ayaka Hirahara
Uptown Girl,Billy Joel
Honesty,Billy Joel
Gorilla,Bruno Mars
Half Breed,Cher
Quieter Today,Cloud Nothings
Girls Just Want To Have Fun,Cyndi Lauper
Out Of The Blue,Debbie Gibson
Can You Feel The Love Tonight,Disney
A Whole New World,Disney
Can You Feel the Love Tonight,Elton John
Can't Help Falling In Love,Elvis Presley
I Can't Help Falling In Love,Elvis Presley
Let It Grow,Eric Clapton
The Final Countdown,Europe
Some Minds ft Andrew Wyatt,Flume
No Me No You,Frost
Arrival of the Queen of Sheba,George Frederic Handel
The Lion King - This Land,Hans Zimmer
Extends Levant,HertzDevil
Doctor,Homestuck Soundtrack
Near You Always,Jewel
Jesus bleibet meine Freude,Johann Sebastian Bach
Binary Sunset,John Williams
The East Is Red,Li Huanzhi
Piano Sonata No 14 ''Moonlight'' 1st Movement,Ludwig Van Beethoven
Magically Delicious,MelodySheep
Congratulations,MGMT
Castlevania SotN - The Tragic Prince,Michiru Yamane
Castlevania PoR - Gaze Up at the Darkness,Michiru Yamane
The Link,Motooi Sakuraba
Animals,Muse
Theme Of Love - FFIV,Nobuo Uematsu
Paranoid Android,Radiohead
Merry Christmas Mr Lawrence,Ryuchi Sakamoto
America,Simon and Garfunkel
Theme Of Prontera,SoundTeMP
Up There,South Park
No Reason,Sum 41
Stars,Tatu
Yesterday,The Beatles
Octopus's Garden,The Beatles
We Can Work It Out,The Beatles
A Day in the Life,The Beatles
Strangers,The Kinks
Caring is Creepy,The Shins
Undertale - Spider Dance,Toby Fox
Broadway Guide,Tomoko Sasaki
In a Little While,U2
When There Was Me and You - High School Musical,Vanessa Hudgens
The Dachstein Angels,Wally Badarou
La Valse D'Amelie,Yann Tiersen
Cocoro Root,Yui Sakakibara
Norge Mitt Norge,Aage Aleksandersen
Heavy Rotation,AKB48
Music Of The Night,Andrew Lloyd Webber
Maybe,Annie
I Say A Little Prayer,Aretha Franklin
Hare Hare Yukai - The Melancholy of Haruhi ED1,Aya Hirano
Cartoon Heroes -Speedy Mix-,Barbie Young
Something,Beatles
Resentment,Beyonce
The Longest Time,Billy Joel
Billy Don't Be a Hero,Bo Donaldson and the Heywoods
Don't Think Twice It's Alright,Bob Dylan
Original Piano Song,Brent Black
Love Will Keep Us Together,Captain and Tennille
Circle Of Life,Carmen Twillie
Le Festin d'Esope,Charles-Valentin Alkan
So In Love,Cole Porter - Ella Fitzgerald
Soul Love,David Bowie
Desperado,Eagles
I Am Glad Because I'm Finally Returning Back Home,Eduard Khil
The Sons of Katie Elder Theme,Elmer Bernstein
Don't Let The Sun Go Down On Me,Elton John
Love Me Tender,Elvis Presley
Out Of My Head,Fastball
Secret Heart,Feist
Angoa,Felix Reina
Isles,Fleet Foxes
Can't Take My Eyes Off You,Franki Valli
Silent Night,Franz Gruber
Dragon Valley 1,GalaxyTrail
Opelucid City - White Version,Game Freak
Aspertia City,Game Freak
Encounter - May,Game Freak
Lumiose City,Game Freak
Tong Hua,Guang Liang
Hyadain's-O-O-O-One-sided-Love-C---Nichijou-OP-1,Hyadain
Hyadain's-O-O-O-One-sided-Love-C---Nichijou-OP-1,Hyadain-
You Are So Beautiful To Me,Joe Cocker
Jesus bleibet meine Freude,Johann Sebastian Bach
Country,Keith Jarrett
When The Saints Go Marching In,Louis Armstrong
Piano Sonata No 8 ''Pathetique'' - 1st Movement,Ludwig Van Beethoven
Pay No Mind ft Passion Pit,Madeon
Strike Witches - Sweet Duet,Mai Kadowaki - Erika Nakai
Mega Man 5 - Napalm Man Stage,Mari Yamaguchi
Castlevania CotM - The Sinking Old Sanctuary,Michiru Yamane
Shiawase High Tension,Minami-ke Tadaima OP
I Wish I Knew How It Would Feel To Be Free,Nina Simone
Le Sud,Nino Ferrer
Super Smash Bros Melee - Break the Targets,Nintendo
Beach Bowl Galaxy,Nintendo
Lon Lon Ranch,Nintendo
Don't Know Why,Norah Jones
You're Driving Me Crazy,Parry Gripp
Teddy Boy,Paul McCartney
Still Crazy After All These Years,Paul Simon
Waste,Phish
Bohemian Rhapsody,Queen
Don't Stop Me Now,Queen
It's Over Isn't It - Steven Universe,Rebecca Sugar
Extended Theme Song - Steven Universe,Rebecca Sugar
Let's Go Fly A Kite,Richard and Robert Sherman
Im wonderschoenen Monat Mai,Robert Schumann
Please Send Me Someone To Love,Sade
Can't Stop Singing,Teen Beach Movie
Surfer Girl,The Beach Boys
Something,The Beatles
Things We Said Today,The Beatles
From Me To You,The Beatles
When I'm Sixty-Four,The Beatles
Hey Jude,The Beatles
Michelle,The Beatles
Please Please Me,The Beatles
Hold Me Tight,The Beatles
Auto-Tune The News 1,The Gregory Brothers
Hello Again,The Gregory Brothers
Only You,The Platters
The Nanosong,The Sounds of Science
Birdhouse In Your Soul,They Might Be Giants
Dead,They Might Be Giants
Not Perfect,Tim Minchin
Delilah,Tom Jones
Broadway Guide,Tomoko Sasaki
Splatoon - Hooked,Toru Minegishi
Sally In Our Alley,Traditional
Stella By Starlight,Victor Young
Wait For The Moment,Vulfpeck
Family Guy - Theme Song,Walter Murphy
FAMILY GUY THEME SONG,Walter Murphy
Why Can't We Be Friends,War
MoMoMo,WJSN
Eye In The Sky,Alan Parsons Project
Moi Lolita,Alizee
Lovelight - Bad Apple,Alstroemeria Records
Ichizu Na Omoi,ASSUMED SOUNDS
substandard,aylictal
endeavor,aylictal
Baby I'm Yours,Breakbot feat Irfane
Mega Man 4 - Pharaoh Man Stage,Capcom
Khe Sanh,Cold Chisel
I'm The Man That Will Find You alternate,Connan Mockasin
Wildfire,Crazy and Corza
The Binding Of Isaac - Main Theme,Danny Baranowsky
Lady Stardust,David Bowie
Donkey Kong Bonus,David Wise
Dessert,Dawin
He's Able,Deitrick Haddon
Say My Name,Destiny's Child
Leaving Without,dj-Jo
Thor's Hammer,Dobu Usagi
Deck'd,Dom Fera
Say Yes,Elliott Smith
Sleep,Eric Whitacre
Mag Mell Cuckool Mix 2007 - Clannad OP,Eufonius
Thanks For The Memories,Fall Out Boy
Nocturne Op 55 No 1,Frederic Chopin
Digging up These Skeletons,Greg Cherone - John Bettencourt
Goat Chill,GSTFS
E-Army,Izna - pastyle vs IZMIZM
Soviet March,James Hannigan
Flaming Moe's,Jeff Martin
Bounce,JJ Project
Who Says,John Mayer
Lights,Journey
Paradise,Keiichi Oku
Castlevania - Vampire Killer,Kinuyo Yamashita
404,Knife Party
Legend of Zelda - Hyrule Castle,Koji Kondo
Ys VI - Release of the Far West Ocean,Konami
Bazaar,KSHMR and Marnik
Bones,Michael Kiwanuka
Only You,miss A
Helena,My Chemical Romance
Hyrule Field - Zelda Twilight Princess,Nintendo
Don't Look Back In Anger,Oasis
For Fruits Basket,Okazaki Ritsuko
New,Paul McCartney
Here Comes The Flood,Peter Gabriel
Begin Again,Purity Ring
Deranged and Desperate,Saves The Day
Sonic and Knuckles - Flying Battery Zone,Sega
Sonic and Knuckles - Sandopolis Zone Act 1,Sega
Awakening Wolf's Instinct,Senpi
Keep It Close,Seven Lions Feat Kerli
Bridge over Troubled Water,Simon and Garfunkel
If You've Only Got A Moustache,Stephen Foster
Mega Man 2 - Dr Wily Stage 1,Takashi Tateishi
Super Robot Wars Alpha 3 - The Garden of Baral,Takuya Hanaoka
Touhou 6 - U N Owen was Her,Team Shanghai Alice
Blackbird,The Beatles
By Christmas,The Gromble
Last Goodbye,Toby Fox
Your Best Nightmare,Toby Fox
The Garden,Unitopia
Tesla,Unitopia
La Folia,Vivaldi
Nightmare Night,WoodenToaster
Iron,Woodkid
Mega Man 3 Title,Yasuaki Fujita
Stardust Witch Meruru - Meteo Impact,Yukari Tamura
Stache,Zedd
Done With Love,Zedd
Last Remote,ZUN
The Shining Needle Castle Sinking in the Air,ZUN
Romantic Children,ZUN
Witching Dream,ZUN
Interdimensional Voyage of a Ghostly Ship,ZUN
Pumpkin of September,ZUN
Battlefield of Hanahazama,ZUN
U N Owen Was Her,ZUN
A World of Nightmares Never Seen Before,ZUN
Faraway Voyage of 380 000 Kilometers,ZUN
Theme of Eastern Story,ZUN
Pandemonic Planet,ZUN
Septette for the Dead Princess,ZUN
Reach for the Moon - Immortal Smoke,ZUN
Doll Judgement,ZUN
Last Occultism - Esotericist of the Present World,ZUN
The Four Seasons Concerto No 4 Winter,Antonio Vivaldi
Let Me Hold You - Turn Me On,Cheat Codes and Dante Klein
Pop Style,Drake
Lynne,Hachi
Love Live - Futari Happiness,lily white
Explorers,Muse
United States Of Eurasia,Muse
Falling Away With You,Muse
In My Waking Life,Saves The Day
Where Are You,Saves The Day
Clouds Over the Moon Flowers in the Wind,Yuuhei Satellite
The Taboo Membrane Wall,ZUN
If I Could,1927
The nurse who loved me,A Perfect Circle
Make You Feel My Love,Adele
Crazy,Aerosmith
Hooked On A Feeling,Blue Swede
Billy Don't Be a Hero,Bo Donaldson and the Heywoods
Jar Of Hearts,Christina Perri
Anything Goes,Cole Porter
Starman,David Bowie
Space Oddity,David Bowie
Soul Love,David Bowie
I Will Follow You Into the Dark,Death Cab for Cutie
Stone Cold,Demi Lovato
Come On Eileen,Dexys Midnight Runners
Reflection,Disney
As Time Goes By,Dooley Wilson
I Found A Way,Drake Bell
Love and Marriage,Frank Sinatra
Route 216,Game Freak
Coumarine City,Game Freak
Meet The New Google Maps Commercial,Google
Wake Me Up When September Ends,Green Day
Creep,Homeless Mustard
s s s s,hyi
I Feel Fantastic,Jonathan Coulton
Re Your Brains,Jonathan Coulton
Code Monkey,Jonathan Coulton
Duett,Kent
Pay No Mind ft Passion Pit,Madeon
Strike Witches - Sweet Duet,Mai Kadowaki - Erika Nakai
It Snowed,Meaghan Smith
Soldier's Poem,Muse
Citizen Erased,Muse
Falling Away With You,Muse
Leave It Alone,nofx
Don't Look Back In Anger,Oasis
New Perspective,Panic At The Disco
Tonight You Belong to Me,Patience and Prudence
Waste,Phish
1 2 3 4,Plain White T's
Steven Universe Opening,Rebecca Sugar
The Alcoholic,Royksopp
Can't Stop Singing,Teen Beach Movie
Kokomo,The Beach Boys
Surfer Girl,The Beach Boys
In My Life,The Beatles
Hold Me Tight,The Beatles
Hello Again,The Gregory Brothers
Hakol Over,The Idan Raichel Project
That Thing You Do,The Wonders
Taste the Fame,They Might Be Giants
Not Perfect,Tim Minchin
House of Gold,Twenty One Pilots
The Freaking FCC,Walter Murphy
Mamma Mia,ABBA
So Long,ABBA
Highway to Hell,AC DC
Poison,Alice Cooper
Stick Figures,Animusic
Acoustic Curves,Animusic
Sukirman,ArmanArX
Reckless,Australian Crawl
Let Me Go,Avril Lavigne
Night Fever,Bee Gees
Vienna,Billy Joel
Twin Of Myself,Black Moth Super Rainbow
Peace of Mind,Boston
Jimmy Neutron Theme,Bowling For Soup
Escape From The City,Crush 40
Only In My Dreams,Debbie Gibson
Once Upon A Dream Maleficent,Disney Lana Del Rey
Rio,Duran Duran
Don't Let The Sun Go Down On Me,Elton John
Sleep,Eric Whitacre
Praise You,Fatboy Slim
Macross 7 - Try Again,Fire Bomber
Blue Ocean,Flying Colors
Live-In Skin,Foo Fighters
Vs Frontier Brain - Sinnoh,Game Freak
Smoke Rings in the Dark,Gary Allan
Scenes From A Night's Dream,Genesis
Lion Heart,Girls' Generation
Tough Luck,Glaze
No Milk Today,Herman's Hermits
Lips of an Angel,Hinder
Back In Time,Huey Lewis and the News
Love Interruption,Jack White
Bold as love,Jimi Hendrix
One Rainy Wish,Jimi Hendrix
I Can See Clearly Now,Johnny Nash
I Feel Fantastic,Jonathan Coulton
Smoke From A Secret Source,Kaipa
Jesus Fever,Kurt Vile
Brown Eyes,Lady Gaga
Poker Face Acoustic,Lady Gaga
Tuesday's Gone,Lynyrd Skynyrd
Reunion,M83
Gospel,MarchFourth Marching Band
Marbles III,Marillion
Here It Goes Again,OK Go
Waste,Phish
Comfortably Numb,Pink Floyd
I Was Only 19 - A Walk In The Light Green,Redgum
Kakkoii,Romain Gauthier
You Got It,Roy Orbison
Red Barchetta,Rush
Fly By Night,Rush
Muv-Luv - Muv-Luv Extra OST,Sage Koizumi
Living Ipod,Savant
Zoolander the Musical,Schmoyoho
Shot Heard 'Round the World,Schoolhouse Rock
Hiiragi Town School Days - Muv-Luv Extra OST,Shinobu Kajihisa
Bridge over Troubled Water,Simon and Garfunkel
Cherub Rock,Smashing Pumpkins
Firefly Theme - Ballad Of Serenity,Sonny Rhodes
TATA DoCoMo Signature Tune,Tata DOCOMO
Hugo's Melancholic Slalom,The Ashes
Here Comes the Sun,The Beatles
Lovely Rita,The Beatles
With A Little Help From My Friends,The Beatles
You Never Give Me Your Money,The Beatles
You've Got To Hide Your Love Away,The Beatles
A Day In The Life,The Beatles
16 Military Wives,The Decemberists
Once Upon a Time in your Wildest Dreams,The Moody Blues
Exile Vilify,The National
The Bones Of An Idol,The New Pornographers
The Time Warp,The Rocky Horror Show
Jumpin' Jack Flash,The Rolling Stones
Girl Inform Me,The Shins
Won't Get Fooled Again,The Who
I Can't Explain,The Who
Crimson and Clover,Tommy James and The Shondells
His Cheeseburger,Veggie Tales
VXsafetydance,Virgin America
Since You've Been Gone,Weird Al Yankovic
ELT,Wilco
Blogoslawieni Milosierni,WYD Krakow 2016
Welkenraedt,Yevgueni
Electric Relaxation,A Tribe Called Quest
Venus,Air
Head Over Feet,Alanis Morissette
Brighter Than Sunshine,Aqualung
Sk8er Boi,Avril Lavigne
Something,Beatles
Everyday,Buddy Holly
Main Theme,Cave Story
God Put A Smile Upon Your Face,Coldplay
It's Choade My Dear,Connan Mockasin
Smoke on the Water,Deep Purple
A Boy and a Girl,Eric Whitacre
When She's Near,Fiction Family
Welgemeende,Flip Kowlier
Route 216,Game Freak
Vs Trainer - Hoenn,Game Freak
Treasure Trove Cove,Grant Kirkhope
One Life Stand,Hot Chip
Mario is Missing NES - Title,John Korsrud
Bubblegum KK,Kazumi Totaka
Gradius II - Take Care,Konami
Gradius II - Burning Heat,Konami
Do You Want To Build A Snowman,Kristen Bell
Again Again,Lady Gaga
Piano Sonata No 8 ''Pathetique'' - 3rd Movement,Ludwig Van Beethoven
That Green Gentleman,Panic At The Disco
A Saucerful of Secrets,Pink Floyd
River Shiver,Pomplamoose
Just,Radiohead
Fancy,Reba McEntire
Stand,REM
Disturbia,Rihanna
Please Send Me Someone To Love,Sade
Monkey,Saves The Day
She,Saves The Day
Seaside Hill Zone,Sega
Sonic Battle - Emerald Town,SEGA
Black Hole Sun,Soundgarden
I Got You,Split Enz
Everything Is Awesome,Tegan and Sara
I Am the Walrus,The Beatles
Honey Pie,The Beatles
Mean Mr Mustard,The Beatles
Oh Darling,The Beatles
Blackbird,The Beatles
Birdhouse In Your Soul,They Might Be Giants
Megalovania,Toby Fox
The HIV Song,Ween
I Want You To,Weezer
Stardust Witch Meruru - Meteo Impact,Yukari Tamura
SOS,ABBA
You Oughta Know,Alanis Morissette
Reckless,Australian Crawl
Summer of 69,Bryan Adams
On the Road Again,Canned Heat
It's Choade My Dear,Connan Mockasin
Escape From The City,Crush 40
You Gotta Be,Des'ree
Satellite,Elliott Smith
A Boy and a Girl,Eric Whitacre
Nara,Es Posthumus
Live-In Skin,Foo Fighters
Vs Brendan and May,Game Freak
Route 209,Game Freak
Vs Frontier Brain - Sinnoh,Game Freak
Aspertia City,Game Freak
Start of Something New,High School Musical
Give This Song A Title,Jacksfilms
Moon Theme - Remastered Version,Jake Kaufman
Freedom,Jay Hardway - Mike Hawkins
Bold as love,Jimi Hendrix
Angel,Jimi Hendrix
Super Mario 64 - Dire Dire Docks,Koji Kondo
Super Mario Bros Overworld Theme,Koji Kondo
Operation C - Area 2,Konami
For the First Time in Forever,Kristen Bell and Idina Menzel
Come Into My World,Kylie Minogue
The Fear,Lily Allen
I'm A Raver,Lipstick
I'm A Raver,Liptick
I'm A Raver,Liptsick
Hey Now,London Grammar
Frozen,Madonna
Mega Man 5 - Dark Man Stage,Mari Yamaguchi
Sense of Touch,Mark Isham
Mega Man Unlimited - Prismatic Descent,MegaPhilX
The Safety Dance,Men Without Hats
Dreaming in Stereo - Under The Moon,Michael Walthius
Mitch Benn's Imagine,Mitch Benn
Gradius Galaxies - Stage 2,Mobile21
Prague,Muse
Hero,Nickelback
Mario Kart Double Dash - Rainbow Road,Nintendo
Super Mario Galaxy - Buoy Base Galaxy,Nintendo
Super Mario Galaxy - Gusty Garden Galaxy,Nintendo
Lithium,Nirvana
Drive Hard,PrototypeRaptor
Fancy,Reba McEntire
I Was Only 19 - A Walk In The Light Green,Redgum
Drop Dead Gorgeous,Republica
Fly By Night,Rush
Shot Heard 'Round the World,Schoolhouse Rock
Stage Clear,Sega
Letter From You My Sweet,Shogo Sakai
Theme Of Prontera,SoundTeMP
Hyperspace,Star Control II Soundtrack
Born To Be Wild,Steppenwolf
Cancion Para mi muerte,Sui Generis
Hugo's Melancholic Slalom,The Ashes
A Hard Day's Night,The Beatles
Cry Baby Cry,The Beatles
Tomorrow Never Knows,The Beatles
I Am the Walrus,The Beatles
I Don't Want To Spoil The Party,The Beatles
Lady Madonna,The Beatles
You've Got To Hide Your Love Away,The Beatles
For No One,The Beatles
Little Electric,The Good and the Damned
Lola,The Kinks
My Sharona,The Knack
Hey Beautiful,The Solids
Dead Leaves And The Dirty Ground,The White Stripes
I Want to Be the Boy to Warm Your Mother's Heart,The White Stripes
Fell In Love With A Girl,The White Stripes
Quadrophenia,The Who
I Can See For Miles,The Who
The Way I Feel Inside,The Zombies
Why Must I Be Sad,They Might Be Giants
Bee Of The Bird Of The Moth,They Might Be Giants
Dead,They Might Be Giants
Little Train of Caipira,Villa-Lobos
Space Junk,Wolfgang Gartner
Chinito,Yeng Constantino
The Moon,Yoshihiro Sakaguchi
The Great Fairy Wars - Fairy Wars,ZUN
Faith is for the Transient People,ZUN
Vanishing Dream - Lost Dream,ZUN
Cemetery of Onbashira - Grave of Being,ZUN
3 Libras,A Perfect Circle
Back to the Future Theme,Alan Silvestri
Night at the Museum,Alan Silvestri
Future Retro,Animusic
The Mythos Land,Au5
Mr Meow,Bali Bandits
Something,Beatles
To Love Somebody,Bee Gees
Skyliner,Boards of Canada
Night Moves,Bob Seger
Flyers - Death Parade OP,BRADIO
Butterfly,BTS
Sometimes I make video game music,C418
Sign of the Times,CeeLo
Baba Yetu,Christopher Tin
Fortune Teller,cYsmix
2 Know Good - Teenagerz Remix,DJ Mikesh
Shimmer and Glow,Douglas Firs
Rock And Roll,Eric Hutchinson
Mag Mell Cuckool Mix 2007 - Clannad OP,Eufonius
Paper Bag,Fiona Apple
Milliontown,Frost
Drill Dozer - 3rd Gear,Game Freak
Contest Assembly Hall,Game Freak
Lumiose City,Game Freak
Come Here Daitarn 3,Horimitsu Kazumichi
Aces High,Iron Maiden
Getter Robo,Isao Sasaki
Tate Toushou Daimos,Isao Sasaki
You and I,IU
FX 2 - Option,Jake Kaufman
Shovel Knight - Of Devious Machinations,Jake Kaufman
Code Monkey,Jonathan Coulton
Crash Bandicoot Theme,Josh Mancell
Lights,Journey
Smoke From A Secret Source,Kaipa
Carry On My Wayward Son,Kansas
Space Runaway Ideon - Tales of the Stars,Koichi Sugiyama
Super Mario Bros 3 - Underwater,Koji Kondo
Futari no Mojipittan,Kotoba no Puzzle
Communication Breakdown,Led Zeppelin
The Sims 2 - Bare Bones,Mark Mothersbaugh
California Soul,Marlena Shaw
A Tout le Monde,Megadeth
Thriller,Michael Jackson
Ocean Breathes Salty,Modest Mouse
Typical,Mutemath
Chill Menu Theme,Nathan Ford
Deck of War - Ending,Nathan Ford
Levels,Nick Jonas
In This Twilight,Nine Inch Nails
Champagne Supernova,Oasis
Indian Summer,Ozark Henry
She's A Handsome Woman,Panic At The Disco
Queenie Eye,Paul McCartney
Here Comes The Flood,Peter Gabriel
Nice To Meet You Mr Earthling,PinocchioP
You Got It,Roy Orbison
By-Tor And The Snow Dog,Rush
Working Man,Rush
Black Rock Shooter,ryo
Azure Blue World,Sega
All I Wanna Do,Sheryl Crow
Hiiragi Town School Days - Muv-Luv Extra OST,Shinobu Kajihisa
As I Lay Me Down,Sophie B Hawkins
That's What Friends Do,Spongebob Squarepants
Get What,The Besides
I'll Be There For You,The Rembrants
Young Pilgrims,The Shins
You Don't Know What Love Is,The White Stripes
Black Math,The White Stripes
Don't Let's Start,They Might Be Giants
Undertale - Determination,Toby Fox
2am,Tomoko Sasaki
Kingdom Hearts,Traverse Town
Gone,U2
All Night Low,Violens
Pony,Wavves
Super Soaker,Wavves
Dreamin,Weezer
Hardware Store,Weird Al Yankovic
Love and War,Wolfgang Gartner
Alright with Me,Wretch 32
Forest Maze,Yoko Shimomura
Stardust Witch Meruru - Meteo Impact,Yukari Tamura
Papercut feat Troye Sivan - Grey Remix,Zedd
Catastrophe in Bhava-agra - Wonderful Heaven,ZUN
Corpse Voyage - Be of Good Cheer,ZUN
Touhou 3 - Eastern Mystical Love Consultation,ZUN
Bell of Avici - Infinite Nightmare,ZUN
Still Hurting,Anna Kendrick
Atlantis,Au5
Night Fever,Bee Gees
Dayresponse,Covesthur
Out Of The Blue,Debbie Gibson
Coming Over ft James Hersey,Dillon Francis and Kygo
Don't Let The Sun Go Down On Me,Elton John
Let It Grow,Eric Clapton
The Heat Is On,Glenn Frey
Mischievous Function - Ochame kinou,Gojimaji-P
What The Forest Taught Me,Hiroki Kikuta
Strike the Earth,Jake Kaufman
Mexico,James Taylor
Castlevania SotN - Dracula's Castle,Michiru Yamane
Acha Cha Karee,Mini Pati
Love Live S2 - Yume no Tobira,Mu's
Funky Freeway,Nathan Ford
For Better Or Worse - Ending,Nathan Ford
Burn The Witch,Radiohead
Kakkoii,Romain Gauthier
Sonic Battle - Emerald Town,SEGA
Angel Island Act 1,Sega
Alison,Slowdive
TATA DoCoMo Signature Tune,Tata DOCOMO
Blue Dahlia,The Gaslight Anthem
Reunited,Toby Fox
Enemy Approaching,Toby Fox
Dating Start,Toby Fox
Rapikamu,Twinklestars
Animation,Xilent
The Place,Xilent
Gensokyo Millenium - History of the Moon,ZUN
Onigashima in Fairy Land - Missing Power,ZUN
